{
  "project_info": {
    "project_number": "110242009728",
    "project_id": "lapor-book-b7725",
    "storage_bucket": "lapor-book-b7725.appspot.com"
  },
  "client": [
    {
      "client_info": {
        "mobilesdk_app_id": "1:110242009728:android:9938dafb98999fe4f94c65",
        "android_client_info": {
          "package_name": "com.example.lapor_book"
        }
      },
      "oauth_client": [],
      "api_key": [
        {
          "current_key": "AIzaSyD1UAfNxEByhSBx3zCGN2jLly1mPhTyJzU"
        }
      ],
      "services": {
        "appinvite_service": {
          "other_platform_oauth_client": []
        }
      }
    }
  ],
  "configuration_version": "1"
}